[{"Title":"Air meets Water","Artist":"Corrine Hunt","Year":"2017","Category":"sculpture","Medium":"wood","Description":"Base of a cedar wood plank, carved with additional inlaid composite created from aluminium, animal bone ash and graphite. Three vertical carved cedar wood scultpures on steel dowelling pedestals, two are painted. Three vertical sculptures include carved representations of a raven, eagle, orca with coppers in beak of raven and copper wings on the eagle.","Poster":"https://media.britishmuseum.org/media/Repository/Documents/2017_12/15_11/4658c788_f74c_4fb1_a1e2_a84a00c28669/mid_ENA3371__a_.jpg"},{"Title":"Kaleidoscope eye","Artist":"Luke","Year":"2020","Category":"technolgy","Medium":"digital painting","Description":"Kaleidoscope eye painting by Luke & Morgan Choice/AvantForm","Poster":"https://as2.ftcdn.net/v2/jpg/03/79/95/29/1000_F_379952985_wQ0CBLYX2NF38C4ls7pYpOtx5l7LlgUY.jpg"},{"Title":"Independence Monument","Artist":"Anatoliy Kushch","Year":"2001","Category":"monument","Medium":"bronze","Description":"The Independence Monument is a victory column located on Maidan Nezalezhnosti (Independence Square) in Kyiv, commemorating the independence of Ukraine in 1991. A spiral staircase is contained within the column","Poster":"https://img.freepik.com/premium-photo/aerial-view-kyiv-ukraine-maidan-nezalezhnosti-independence-monument_536604-3873.jpg?w=2000"},{"Title":"Dancing in the street","Artist":"Lea Roche","Year":"2022","Category":"painting","Medium":"acrylic","Description":"Fusion of artistic works (hand painting, Indian inks and acrylic painting + digital work, texture varnish ...) creating unique, matte and glossy texture effects.","Poster":"https://www.artmajeur.com/medias/standard/l/-/l-roche/artwork/16196815_dancing-in-the-street-80x50.jpg"},{"Title":"Hearts and a Watercolor","Artist":"Jim Dine","Year":"1969","Category":"painting","Medium":"watercolour","Description":"Eight hearts with various decorations. 1969 Etching and watercolour on Chrisbrook handmade paper","Poster":"https://media.britishmuseum.org/media/Repository/Documents/2015_1/16_8/67ae2ec1_8646_44e8_aa15_a4220094219c/mid_PPA420678.jpg"},{"Title":"Untitled (O'Ryan)","Artist":"Shari Hatt","Year":"2001","Category":"photography","Medium":"photograph","Description":"Materials: chromogenic print (Fujicolor)","Poster":"https://www.gallery.ca/sites/default/files/styles/ngc_scale_1200/public/8442158_0.jpg?itok=Q_PwLOKk&timestamp=1632405844"},{"Title":"Courage My Love","Artist":"Sebastian McKinnon","Year":"2015","Category":"illustration","Medium":"midex media","Description":"Moon's Daughter had never been so far from home; she wished for glimpses of her father's crescent smile. 'Courage, my love.' said Fox, 'Even in shadow, I see pockets of moonlight in your eyes'. Story excerpt from 'Courage, My Love' by Liam McKinnon.","Poster":"https://cdn.shopify.com/s/files/1/0172/7018/files/courage5.jpg?5845794268734385417"},{"Title":"Hedgehog","Artist":"Kimika Hara","Year":"2012","Category":"embroidery","Medium":"needlework","Description":"Fantastic use of sequins","Poster":"https://i.pinimg.com/564x/d2/1a/57/d21a5748cad55f87130d0533246d26b4.jpg"},{"Title":"Rhapsody","Artist":"Keith Mallett","Year":"2010","Category":"Painting","Medium":"Etching","Description":"Rhapsody artist proof etching by Keith Mallett","Poster":"https://static.wixstatic.com/media/cdd51a_a5b97cfb6b3e4d11bac830d82cc7e947~mv2.jpg/v1/fill/w_320,h_320,fp_0.56_0.26,q_90/cdd51a_a5b97cfb6b3e4d11bac830d82cc7e947~mv2.jpg"},{"Title":"Tiny bunny love","Artist":"ArtMind","Year":"2011","Category":"DIY","Medium":"clay","Description":"Clay bunnies. They make me smile, and you? Happy coding everyone!","Poster":"http://3.bp.blogspot.com/-h6SoSxCBinQ/Tk-HXL5dkJI/AAAAAAAAG9o/kUHTg7aIWx0/s1600/DSC07880.JPG"},{"Title":"Sunflowers","Artist":"Vincent Van Gogh","Year":"1889","Category":"painting","Medium":"oil on canvas","Description":"","Poster":"https://upload.wikimedia.org/wikipedia/commons/thumb/4/46/Vincent_Willem_van_Gogh_127.jpg/270px-Vincent_Willem_van_Gogh_127.jpg"},{"Title":"Wheatfield with Crows","Artist":"Vincent Van Gogh","Year":"1890","Category":"painting","Medium":"oil on canvas","Description":"","Poster":"https://upload.wikimedia.org/wikipedia/commons/thumb/b/ba/Vincent_van_Gogh_-_Wheatfield_with_crows_-_Google_Art_Project.jpg/1920px-Vincent_van_Gogh_-_Wheatfield_with_crows_-_Google_Art_Project.jpg"},{"Title":"Almond Blossoms","Artist":"Vincent Van Gogh","Year":"1890","Category":"painting","Medium":"oil on canvas","Description":"","Poster":"https://upload.wikimedia.org/wikipedia/commons/thumb/6/68/Vincent_van_Gogh_-_Almond_blossom_-_Google_Art_Project.jpg/270px-Vincent_van_Gogh_-_Almond_blossom_-_Google_Art_Project.jpg"},{"Title":"Starry Night","Artist":"Vincent Van Gogh","Year":"1888","Category":"painting","Medium":"oil on canvas","Description":"","Poster":"https://upload.wikimedia.org/wikipedia/commons/thumb/9/94/Starry_Night_Over_the_Rhone.jpg/270px-Starry_Night_Over_the_Rhone.jpg"},{"Title":"The Gymnast","Artist":"Banksy","Year":"2022","Category":"mural","Medium":"oil","Description":"Mural on a destroyed building in Borodyanka, Kyiv, Ukraine. On 14 November 2022, Banksy confirmed the creation of 7 murals in Ukraine, spanning several locations, from Kyiv, to Irpin, and Borodyanka. Prior to the artist's official confirmation on Instagram, there was mounting speculation online on whether those murals were indeed Banksy's. A chain of events quite typical to Banksy…. The first artwork to be identified, which went viral over the weekend, shows a female gymnast balancing on a pile of rubble on the side of a building damaged by russian strikes.","Poster":"https://banksyexplained.com/wp-content/uploads/2023/03/image-2.jpg"},{"Title":"The Judo Competition","Artist":"Banksy","Year":"2022","Category":"mural","Medium":"oil","Description":"Mural on a destroyed building in Borodyanka, Kyiv, Ukraine. One mural in Borodyanka initially appeared on photojournalist @edr4m's Instagram. It shows a kid in kimono throwing a man on the floor, for what resembles a judo competition. The man strangely looks like vladimir putin, who supposedly holds a black belt…","Poster":"https://banksyexplained.com/wp-content/uploads/2023/03/banksy-ukraine08-banksy.co_.uk-11-17-2022.jpg"},{"Title":"Kids Playing","Artist":"Banksy","Year":"2022","Category":"mural","Medium":"oil","Description":"This mural depicts two children using a metal tank trap as a seesaw spray-painted onto a concrete defensive block in Kyiv. On 14 November 2022, Banksy confirmed the creation of 7 murals in Ukraine, spanning several locations, from Kyiv, to Irpin, and Borodyanka. Prior to the artist's official confirmation on Instagram, there was mounting speculation online on whether those murals were indeed Banksy's. A chain of events quite typical to Banksy….","Poster":"https://banksyexplained.com/wp-content/uploads/2023/03/banksy-ukraine01-banksy.co_.uk-11-17-2022.jpg"},{"Title":"Devolved Parliament","Artist":"Banksy","Year":"2008","Category":"painting","Medium":"oil on canvas","Description":"“You paint 100 chimpanzees and they still call you a guerrilla artist” - Banksy","Poster":"https://sothebys-com.brightspotcdn.com/dims4/default/08be95d/2147483647/strip/true/crop/2000x1237+0+0/resize/2880x1781!/format/webp/quality/90/?url=http%3A%2F%2Fsothebys-brightspot.s3.amazonaws.com%2Fdotcom%2F38%2F98%2Ffa%2F593ed5764cb247d2ee9f1bcd47aba298462987aa8c4a884708727fee47%2Fl19024-28-web.jpg"},{"Title":"Girl with Balloon","Artist":"Banksy","Year":"2002","Category":"street art","Medium":"mural","Description":"The locations for this work include street murals in Shoreditch and the South bank in London on the Waterloo Bridge and other murals were around London, though none remain there. ","Poster":"https://upload.wikimedia.org/wikipedia/commons/0/0c/Banksy_Girl_and_Heart_Balloon_%282840632113%29.jpg"},{"Title":"Love is in the Bin","Artist":"Banksy","Year":"2018","Category":"street art","Medium":"canvas","Description":"2006 painting of Girl with Balloon that unexpectedly self-destructed immediately after it was sold at auction.","Poster":"https://sothebys-md.brightspotcdn.com/dims4/default/9702a52/2147483647/strip/true/crop/1231x2000+0+0/resize/2048x3327!/quality/90/?url=http%3A%2F%2Fsothebys-brightspot.s3.amazonaws.com%2Fmedia-desk%2F1d%2Fc4%2F2e4c43984c8ba866258a265dd541%2Fl21024-c2pjp-01-reshoot.jpg"},{"Title":"Flower Thrower","Artist":"Banksy","Year":"2007","Category":"street art","Medium":"mural","Description":"One of Banksy's most iconic pieces of art, this stencil mural depicts a masked man throwing a bunch of flowers.","Poster":"https://upload.wikimedia.org/wikipedia/commons/thumb/c/cb/West_bank.png/1920px-West_bank.png"}]